,name,age,link
0,Aarya Desai,Age: 20y 286d,https://www.espncricinfo.com/cricketers/aarya-desai-1353014
1,Abdul Basith,Age: 25y 97d,https://www.espncricinfo.com/cricketers/abdul-basith-1287067
2,Abdul Samad,Age: 22y 78d,https://www.espncricinfo.com/cricketers/abdul-samad-1175485
3,Abhijeet Saket,Age: 28y 164d,https://www.espncricinfo.com/cricketers/abhijeet-saket-1163686
4,Kanwar Abhinay,Age: 32y 212d,https://www.espncricinfo.com/cricketers/kanwar-abhinay-594566
5,Abhishek Goswami,Age: 26y 69d,https://www.espncricinfo.com/cricketers/abhishek-goswami-1081436
6,Abhishek Sharma,Age: 23y 132d,https://www.espncricinfo.com/cricketers/abhishek-sharma-1070183
7,Abhishek Singh,Age: 20y 314d,https://www.espncricinfo.com/cricketers/abhishek-singh-1403214
8,Abhishek Yadav,Age: 28y 220d,https://www.espncricinfo.com/cricketers/abhishek-yadav-955087
9,Abid Mushtaq,Age: 26y 362d,https://www.espncricinfo.com/cricketers/abid-mushtaq-1201536
10,Abishek Porel,Age: 21y 89d,https://www.espncricinfo.com/cricketers/abishek-porel-1277545
11,Aditya Jadeja,Age: 21y 302d,https://www.espncricinfo.com/cricketers/aditya-jadeja-1300584
12,Mayank Agarwal,Age: 32y 332d,https://www.espncricinfo.com/cricketers/mayank-agarwal-398438
13,Shubham Agarwal,Age: 30y 54d,https://www.espncricinfo.com/cricketers/shubham-agarwal-1079668
14,Tanmay Agarwal,Age: 28y 256d,https://www.espncricinfo.com/cricketers/tanmay-agarwal-792725
15,Khaleel Ahmed,Age: 26y 40d,https://www.espncricinfo.com/cricketers/khaleel-ahmed-942645
16,M Ajinas,Age: 26y 251d,https://www.espncricinfo.com/cricketers/m-ajinas-1403213
17,Guruswamy Ajitesh,Age: 21y 110d,https://www.espncricinfo.com/cricketers/guruswamy-ajitesh-1320758
18,Akash Deep,Age: 27y 30d,https://www.espncricinfo.com/cricketers/akash-deep-1176959
19,Akash Singh,Age: 21y 263d,https://www.espncricinfo.com/cricketers/akash-singh-1175458
20,Akash Sudan,Age: 30y 252d,https://www.espncricinfo.com/cricketers/akash-sudan-959675
21,Shambu Akhil,Age: 25y 84d,https://www.espncricinfo.com/cricketers/shambu-akhil-1324452
22,Akshit Rana,Age: 21y 340d,https://www.espncricinfo.com/cricketers/akshit-rana-1339051
23,Al Bashid Muhammed,Age: 25y 262d,https://www.espncricinfo.com/cricketers/al-bashid-muhammed-1201540
24,Felix Alemao,Age: 28y 178d,https://www.espncricinfo.com/cricketers/felix-alemao-955103
25,Aman Hakim Khan,Age: 27y 52d,https://www.espncricinfo.com/cricketers/aman-hakim-khan-1254269
26,Amit Ali,Age: 21y 80d,https://www.espncricinfo.com/cricketers/amit-ali-1252346
27,Jehu Anderson,Age: 24y 63d,https://www.espncricinfo.com/cricketers/jehu-anderson-1339016
28,Anikethreddy,Age: 23y 78d,https://www.espncricinfo.com/cricketers/anikethreddy-1216134
29,Ankit Kumar,Age: 26y 74d,https://www.espncricinfo.com/cricketers/ankit-kumar-1168733
30,Atharva Ankolekar,Age: 23y 110d,https://www.espncricinfo.com/cricketers/atharva-ankolekar-1175467
31,Ankur Malik,Age: 20y 70d,https://www.espncricinfo.com/cricketers/ankur-malik-1287083
32,Anmolpreet Singh,Age: 25y 292d,https://www.espncricinfo.com/cricketers/anmolpreet-singh-851261
33,Anuj Rawat,Age: 24y 89d,https://www.espncricinfo.com/cricketers/anuj-rawat-1123073
34,Anujit Parmar,Age: 28y 49d,https://www.espncricinfo.com/cricketers/anujit-parmar-1300789
35,Baba Aparajith,Age: 29y 190d,https://www.espncricinfo.com/cricketers/baba-aparajith-477071
36,Arafat Khan,Age: 27y 18d,https://www.espncricinfo.com/cricketers/arafat-khan-1081132
37,A Aravinddaraj,Age: 27y 219d,https://www.espncricinfo.com/cricketers/a-aravinddaraj-1175501
38,Arjit Pannu,Age: 27y 265d,https://www.espncricinfo.com/cricketers/arjit-pannu-1287049
39,Arjun Azad,Age: 22y 159d,https://www.espncricinfo.com/cricketers/arjun-azad-1175464
40,Vaibhav Arora,Age: 26y 31d,https://www.espncricinfo.com/cricketers/vaibhav-arora-1209292
41,Arshad Khan,Age: 26y 25d,https://www.espncricinfo.com/cricketers/arshad-khan-1244751
42,Arshdeep Singh,Age: 24y 343d,https://www.espncricinfo.com/cricketers/arshdeep-singh-1125976
43,Arun Karthik,Age: 37y 333d,https://www.espncricinfo.com/cricketers/arun-karthik-319745
44,Priyansh Arya,Age: 22y 361d,https://www.espncricinfo.com/cricketers/priyansh-arya-1175456
45,Aryan Sahani,Age: 16y 207d,https://www.espncricinfo.com/cricketers/aryan-sahani-1403181
46,Ashwin Hebbar,Age: 28y 60d,https://www.espncricinfo.com/cricketers/ashwin-hebbar-801019
47,Murugan Ashwin,Age: 33y 128d,https://www.espncricinfo.com/cricketers/murugan-ashwin-528067
48,Ravichandran Ashwin,Age: 37y 119d,https://www.espncricinfo.com/cricketers/ravichandran-ashwin-26421
49,KM Asif,Age: 30y 174d,https://www.espncricinfo.com/cricketers/km-asif-1083030
50,Auqib Nabi,Age: 27y 71d,https://www.espncricinfo.com/cricketers/auqib-nabi-1159732
51,Mohit Avasthi,Age: 31y 57d,https://www.espncricinfo.com/cricketers/mohit-avasthi-1252336
52,Avesh Khan,Age: 27y 32d,https://www.espncricinfo.com/cricketers/avesh-khan-694211
53,Avinash Jadhav,Age: 24y 210d,https://www.espncricinfo.com/cricketers/avinash-jadhav-1273885
54,Avneesh Sudha,Age: 22y 55d,https://www.espncricinfo.com/cricketers/avneesh-sudha-1171647
55,Ayush Awasthi,Age: 17y 57d,https://www.espncricinfo.com/cricketers/ayush-awasthi-1403178
56,Babul Kumar,Age: 31y 2d,https://www.espncricinfo.com/cricketers/babul-kumar-598933
57,Satyajeet Bachhav,Age: 31y 47d,https://www.espncricinfo.com/cricketers/satyajeet-bachhav-591653
58,Ayush Badoni,Age: 24y 42d,https://www.espncricinfo.com/cricketers/ayush-badoni-1151270
59,Ankush Bains,Age: 28y 29d,https://www.espncricinfo.com/cricketers/ankush-bains-604534
60,Kashyap Bakhale,Age: 25y 161d,https://www.espncricinfo.com/cricketers/kashyap-bakhale-955101
61,Bal Krishna,Age: 25y 34d,https://www.espncricinfo.com/cricketers/bal-krishna-1246457
62,Siddharth Balodi,Age: 25y 202d,https://www.espncricinfo.com/cricketers/siddharth-balodi-1351987
63,Baltej Singh,Age: 33y 71d,https://www.espncricinfo.com/cricketers/baltej-singh-527292
64,Basil Thampi,Age: 30y 125d,https://www.espncricinfo.com/cricketers/basil-thampi-732291
65,Basir Rahman,Age: 30y 319d,https://www.espncricinfo.com/cricketers/basir-rahman-1206054
66,Rahul Batham,Age: 25y 146d,https://www.espncricinfo.com/cricketers/rahul-batham-942649
67,Raj Bawa,Age: 21y 63d,https://www.espncricinfo.com/cricketers/raj-bawa-1292502
68,Ankit Bawne,Age: 31y 28d,https://www.espncricinfo.com/cricketers/ankit-bawne-327123
69,Shivam Bhambri,Age: 28y 106d,https://www.espncricinfo.com/cricketers/shivam-bhambri-1201546
70,Manoj Bhandage,Age: 25y 101d,https://www.espncricinfo.com/cricketers/manoj-bhandage-1057399
71,Mandar Bhandari,Age: 29y 213d,https://www.espncricinfo.com/cricketers/mandar-bhandari-1159729
72,Srikar Bharat,Age: 30y 103d,https://www.espncricinfo.com/cricketers/srikar-bharat-529436
73,Anant Bharwad,Age: 28y 260d,https://www.espncricinfo.com/cricketers/anant-bharwad-1404554
74,Prashant Bhati,Age: 24y 88d,https://www.espncricinfo.com/cricketers/prashant-bhati-1403166
75,Bhavesh Seth,Age: 26y 99d,https://www.espncricinfo.com/cricketers/bhavesh-seth-1292544
76,Ricky Bhui,Age: 27y 107d,https://www.espncricinfo.com/cricketers/ricky-bhui-642531
77,Bhupender Chauhan,Age: 29y 76d,https://www.espncricinfo.com/cricketers/bhupender-chauhan-1273908
78,Parth Bhut,Age: 26y 163d,https://www.espncricinfo.com/cricketers/parth-bhut-1211064
79,J Biakthanpuia,Age: 26y 48d,https://www.espncricinfo.com/cricketers/j-biakthanpuia-1403161
80,Baljeet Singh Bihari,Age: 21y 122d,https://www.espncricinfo.com/cricketers/baljeet-singh-bihari-1339036
81,Bikash Singh,Age: 31y 58d,https://www.espncricinfo.com/cricketers/bikash-singh-1340427
82,Jyoti Bind,Age: 35y 141d,https://www.espncricinfo.com/cricketers/jyoti-bind-1403540
83,Himanshu Bisht,Age: 27y 58d,https://www.espncricinfo.com/cricketers/himanshu-bisht-1175434
84,Jay Bista,Age: 28y 22d,https://www.espncricinfo.com/cricketers/jay-bista-857833
85,Kartik Biswal,Age: 26y 198d,https://www.espncricinfo.com/cricketers/kartik-biswal-1252328
86,Rahul Buddhi,Age: 26y 116d,https://www.espncricinfo.com/cricketers/rahul-buddhi-1212693
87,Jasprit Bumrah,Age: 30y 39d,https://www.espncricinfo.com/cricketers/jasprit-bumrah-625383
88,Jivesh Butte,Age: 25y 352d,https://www.espncricinfo.com/cricketers/jivesh-butte-1403200
89,KC Cariappa,Age: 29y 276d,https://www.espncricinfo.com/cricketers/kc-cariappa-777537
90,Yuzvendra Chahal,Age: 33y 175d,https://www.espncricinfo.com/cricketers/yuzvendra-chahal-430246
91,Deepak Chahar,Age: 31y 160d,https://www.espncricinfo.com/cricketers/deepak-chahar-447261
92,Rahul Chahar,Age: 24y 163d,https://www.espncricinfo.com/cricketers/rahul-chahar-1064812
93,Supriyo Chakraborty,Age: 28y 250d,https://www.espncricinfo.com/cricketers/supriyo-chakraborty-1176958
94,Kunal Chandela,Age: 29y 191d,https://www.espncricinfo.com/cricketers/kunal-chandela-1121574
95,Shashank Chandrakar,Age: 29y 246d,https://www.espncricinfo.com/cricketers/shashank-chandrakar-1131881
96,Anish Charak,Age: 23y 270d,https://www.espncricinfo.com/cricketers/anish-charak-1246426
97,Sudip Chatterjee,Age: 32y 64d,https://www.espncricinfo.com/cricketers/sudip-chatterjee-447142
98,Shubham Chaubey,Age: 28y 91d,https://www.espncricinfo.com/cricketers/shubham-chaubey-950217
99,Sakshaim Chaudhary,Age: 24y 121d,https://www.espncricinfo.com/cricketers/sakshaim-chaudhary-1403164
100,Shivam Chaudhary,Age: 26y 163d,https://www.espncricinfo.com/cricketers/shivam-chaudhary-826869
101,Yuvraj Chaudhary,Age: 22y 100d,https://www.espncricinfo.com/cricketers/yuvraj-chaudhary-1175463
102,Saurav Chauhan,Age: 23y 232d,https://www.espncricinfo.com/cricketers/saurav-chauhan-1287369
103,Nayan Chavan,Age: 23y 364d,https://www.espncricinfo.com/cricketers/nayan-chavan-1403207
104,Piyush Chawla,Age: 35y 21d,https://www.espncricinfo.com/cricketers/piyush-chawla-32966
105,LR Chethan,Age: 23y 234d,https://www.espncricinfo.com/cricketers/lr-chethan-1197718
106,Pranesh Chettri,Age: 23y 321d,https://www.espncricinfo.com/cricketers/pranesh-chettri-1403541
107,Sabin Chettri,Age: 29y 192d,https://www.espncricinfo.com/cricketers/sabin-chettri-1205287
108,Bidash Chingakham,Age: 22y 358d,https://www.espncricinfo.com/cricketers/bidash-chingakham-1246509
109,Agni Chopra,Age: 25y 71d,https://www.espncricinfo.com/cricketers/agni-chopra-1403162
110,Prashant Chopra,Age: 31y 99d,https://www.espncricinfo.com/cricketers/prashant-chopra-500135
111,Aniket Choudhary,Age: 33y 351d,https://www.espncricinfo.com/cricketers/aniket-choudhary-527299
112,Mukul Choudhary,Age: 19y 161d,https://www.espncricinfo.com/cricketers/mukul-choudhary-1354217
113,Akash Choudhary,Age: 24y 47d,https://www.espncricinfo.com/cricketers/akash-choudhary-1175450
114,Raj Choudhary,Age: 27y 231d,https://www.espncricinfo.com/cricketers/raj-choudhary-1246456
115,Varun Choudhary,Age: 30y 80d,https://www.espncricinfo.com/cricketers/varun-choudhary-1159723
116,Avinov Choudhury,Age: 24y 44d,https://www.espncricinfo.com/cricketers/avinov-choudhury-1339014
117,Ashish Chouhan,Age: 25y 42d,https://www.espncricinfo.com/cricketers/ashish-chouhan-1403199
118,Rishabh Chouhan,Age: 24y 131d,https://www.espncricinfo.com/cricketers/rishabh-chouhan-1175433
119,Rohan Chowdury,Age: 26y 24d,https://www.espncricinfo.com/cricketers/rohan-chowdury-1403159
120,Yuvraj Chudasama,Age: 28y 52d,https://www.espncricinfo.com/cricketers/yuvraj-chudasama-969367
121,Pradeep Dadhe,Age: 29y 123d,https://www.espncricinfo.com/cricketers/pradeep-dadhe-1065926
122,Mayank Dagar,Age: 27y 64d,https://www.espncricinfo.com/cricketers/mayank-dagar-942367
123,Rishav Das,Age: 34y 29d,https://www.espncricinfo.com/cricketers/rishav-das-440828
124,Sitesh Das,Age: 27y 58d,https://www.espncricinfo.com/cricketers/sitesh-das-1403180
125,Bikramkumar Das,Age: 24y 60d,https://www.espncricinfo.com/cricketers/bikramkumar-das-955093
126,Pallavkumar Das,Age: 33y 362d,https://www.espncricinfo.com/cricketers/pallavkumar-das-499323
127,Bikramjit Debnath,Age: 25y 19d,https://www.espncricinfo.com/cricketers/bikramjit-debnath-1159721
128,Denish Das,Age: 21y 242d,https://www.espncricinfo.com/cricketers/denish-das-1246422
129,Kumar Deobrat,Age: 31y 82d,https://www.espncricinfo.com/cricketers/kumar-deobrat-500154
130,Harvik Desai,Age: 24y 102d,https://www.espncricinfo.com/cricketers/harvik-desai-1070195
131,Sanjeet Desai,Age: 26y 33d,https://www.espncricinfo.com/cricketers/sanjeet-desai-1135347
132,Harsh Desai,Age: 21y 76d,https://www.espncricinfo.com/cricketers/harsh-desai-1339049
133,Tushar Deshpande,Age: 28y 244d,https://www.espncricinfo.com/cricketers/tushar-deshpande-822553
134,Dev Lakra,Age: 20y 201d,https://www.espncricinfo.com/cricketers/dev-lakra-1299881
135,Rajat Dey,Age: 27y 14d,https://www.espncricinfo.com/cricketers/rajat-dey-955091
136,Vineet Dhankhar,Age: 19y 256d,https://www.espncricinfo.com/cricketers/vineet-dhankhar-1403173
137,Rishi Dhawan,Age: 33y 329d,https://www.espncricinfo.com/cricketers/rishi-dhawan-290727
138,Shikhar Dhawan,Age: 38y 40d,https://www.espncricinfo.com/cricketers/shikhar-dhawan-28235
139,Dheeraj Kumar,Age: 24y 132d,https://www.espncricinfo.com/cricketers/dheeraj-kumar-1246430
140,MS Dhoni,Age: 42y 191d,https://www.espncricinfo.com/cricketers/ms-dhoni-28081
141,Yash Dhull,Age: 21y 64d,https://www.espncricinfo.com/cricketers/yash-dhull-1292498
142,Rajesh Dhuper,Age: 24y 43d,https://www.espncricinfo.com/cricketers/rajesh-dhuper-922757
143,Royston Dias,Age: 30y 349d,https://www.espncricinfo.com/cricketers/royston-dias-624025
144,Paras Dogra,Age: 39y 56d,https://www.espncricinfo.com/cricketers/paras-dogra-28160
145,Techi Doria,Age: 29y 318d,https://www.espncricinfo.com/cricketers/techi-doria-1159759
146,Shivam Dube,Age: 30y 202d,https://www.espncricinfo.com/cricketers/shivam-dube-714451
147,Praveen Dubey,Age: 30y 197d,https://www.espncricinfo.com/cricketers/praveen-dubey-777515
148,Saurabh Dubey,Age: 25y 356d,https://www.espncricinfo.com/cricketers/saurabh-dubey-1206492
149,Harsh Dubey,Age: 21y 175d,https://www.espncricinfo.com/cricketers/harsh-dubey-1216159
150,Shubham Dubey,Age: 29y 140d,https://www.espncricinfo.com/cricketers/shubham-dubey-1252585
151,Mrinmoy Dutta,Age: 25y 51d,https://www.espncricinfo.com/cricketers/mrinmoy-dutta-956023
152,Prerit Dutta,Age: 25y 114d,https://www.espncricinfo.com/cricketers/prerit-dutta-1287034
153,Abhimanyu Easwaran,Age: 28y 130d,https://www.espncricinfo.com/cricketers/abhimanyu-easwaran-699491
154,Fabid Ahmed,Age: 28y 171d,https://www.espncricinfo.com/cricketers/fabid-ahmed-796627
155,Fazil Rashid,Age: 27y 34d,https://www.espncricinfo.com/cricketers/fazil-rashid-1136215
156,Ishaan Gadekar,Age: 26y 136d,https://www.espncricinfo.com/cricketers/ishaan-gadekar-1246467
157,Gagandeep Singh,Age: 26y 125d,https://www.espncricinfo.com/cricketers/gagandeep-singh-1287064
158,Ruturaj Gaikwad,Age: 26y 348d,https://www.espncricinfo.com/cricketers/ruturaj-gaikwad-1060380
159,Chintan Gaja,Age: 29y 62d,https://www.espncricinfo.com/cricketers/chintan-gaja-735845
160,Sammar Gajjar,Age: 20y 153d,https://www.espncricinfo.com/cricketers/sammar-gajjar-1350773
161,Vinay Galetiya,Age: 31y 35d,https://www.espncricinfo.com/cricketers/vinay-galetiya-853991
162,Chirag Gandhi,Age: 33y 210d,https://www.espncricinfo.com/cricketers/chirag-gandhi-496219
163,Ganesh Satish,Age: 35y 305d,https://www.espncricinfo.com/cricketers/ganesh-satish-310953
164,Nikhil Gangta,Age: 31y 135d,https://www.espncricinfo.com/cricketers/nikhil-gangta-528332
165,Sakibul Gani,Age: 24y 134d,https://www.espncricinfo.com/cricketers/sakibul-gani-1202786
166,Deepraj Gaonkar,Age: 25y 285d,https://www.espncricinfo.com/cricketers/deepraj-gaonkar-814241
167,Lakshay Garg,Age: 28y 96d,https://www.espncricinfo.com/cricketers/lakshay-garg-723207
168,Priyam Garg,Age: 23y 45d,https://www.espncricinfo.com/cricketers/priyam-garg-1070180
169,Aditya Garhwal,Age: 27y 274d,https://www.espncricinfo.com/cricketers/aditya-garhwal-725435
170,Shubham Garhwal,Age: 28y 245d,https://www.espncricinfo.com/cricketers/shubham-garhwal-1287019
171,Gaurav Chaudhary,Age: 25y 78d,https://www.espncricinfo.com/cricketers/gaurav-chaudhary-1339708
172,Gaurav Joshi,Age: 24y 277d,https://www.espncricinfo.com/cricketers/gaurav-joshi-1345712
173,Gaurav Puri,Age: 32y 170d,https://www.espncricinfo.com/cricketers/gaurav-puri-1201545
174,Gaurav Singh,Age: 24y 248d,https://www.espncricinfo.com/cricketers/gaurav-singh-1159750
175,Gaurav Yadav,Age: 32y 75d,https://www.espncricinfo.com/cricketers/gaurav-yadav-587486
176,Sumit Ghadigaonkar,Age: 31y 278d,https://www.espncricinfo.com/cricketers/sumit-ghadigaonkar-714455
177,Sudip Kumar Gharami,Age: 24y 299d,https://www.espncricinfo.com/cricketers/sudip-kumar-gharami-1211699
178,Subham Ghosh,Age: 25y 99d,https://www.espncricinfo.com/cricketers/subham-ghosh-1163700
179,Shreyas Gopal,Age: 30y 132d,https://www.espncricinfo.com/cricketers/shreyas-gopal-344580
180,Krishnappa Gowtham,Age: 35y 86d,https://www.espncricinfo.com/cricketers/krishnappa-gowtham-424377
181,Raghav Goyal,Age: 22y 353d,https://www.espncricinfo.com/cricketers/raghav-goyal-1350770
182,Arpit Guleria,Age: 26y 263d,https://www.espncricinfo.com/cricketers/arpit-guleria-1167306
183,Arjit Gupta,Age: 34y 124d,https://www.espncricinfo.com/cricketers/arjit-gupta-427485
184,Gurkeerat Singh Mann,Age: 33y 199d,https://www.espncricinfo.com/cricketers/gurkeerat-singh-mann-537124
185,Gurnoor Brar,Age: 23y 234d,https://www.espncricinfo.com/cricketers/gurnoor-brar-1287033
186,Ram Gurung,Age: 25y 275d,https://www.espncricinfo.com/cricketers/ram-gurung-1287011
187,Gurvinder Singh,Age: 24y 242d,https://www.espncricinfo.com/cricketers/gurvinder-singh-1273860
188,Habib Gandhi,Age: 24y 98d,https://www.espncricinfo.com/cricketers/habib-gandhi-1277540
189,Nabam Hachang,Age: 27y 69d,https://www.espncricinfo.com/cricketers/nabam-hachang-1339021
190,Rajvardhan Hangargekar,Age: 21y 65d,https://www.espncricinfo.com/cricketers/rajvardhan-hangargekar-1175429
191,Hari Nishaanth,Age: 27y 151d,https://www.espncricinfo.com/cricketers/hari-nishaanth-1048847
192,Rajashekhar Harikant,Age: 33y 102d,https://www.espncricinfo.com/cricketers/rajashekhar-harikant-796639
193,Harpreet Brar,Age: 28y 120d,https://www.espncricinfo.com/cricketers/harpreet-brar-1168641
194,Harpreet Singh,Age: 32y 156d,https://www.espncricinfo.com/cricketers/harpreet-singh-340854
195,Harsh Tyagi,Age: 24y 22d,https://www.espncricinfo.com/cricketers/harsh-tyagi-1081444
196,Harshit Rana,Age: 22y 23d,https://www.espncricinfo.com/cricketers/harshit-rana-1312645
197,Vikas Hathwala,Age: 30y 130d,https://www.espncricinfo.com/cricketers/vikas-hathwala-854333
198,Shubhang Hegde,Age: 22y 290d,https://www.espncricinfo.com/cricketers/shubhang-hegde-1119008
199,Maramreddy Reddy,Age: 21y 78d,https://www.espncricinfo.com/cricketers/maramreddy-reddy-1324459
200,Henan Nazir,Age: 26y 295d,https://www.espncricinfo.com/cricketers/henan-nazir-1211111
201,Himmat Singh,Age: 27y 67d,https://www.espncricinfo.com/cricketers/himmat-singh-805235
202,Mihir Hirwani,Age: 29y 245d,https://www.espncricinfo.com/cricketers/mihir-hirwani-826061
203,Deepak Hooda,Age: 28y 270d,https://www.espncricinfo.com/cricketers/deepak-hooda-497121
204,Chopise Hopongkyu,Age: 23y 25d,https://www.espncricinfo.com/cricketers/chopise-hopongkyu-1213488
205,Sanidhya Hurkat,Age: 24y 167d,https://www.espncricinfo.com/cricketers/sanidhya-hurkat-1135345
206,Riboklang Hynniewta,Age: 26y 120d,https://www.espncricinfo.com/cricketers/riboklang-hynniewta-1252317
207,Ishan Kishan,Age: 25y 180d,https://www.espncricinfo.com/cricketers/ishan-kishan-720471
208,Shreyas Iyer,Age: 29y 39d,https://www.espncricinfo.com/cricketers/shreyas-iyer-642519
209,Venkatesh Iyer,Age: 29y 20d,https://www.espncricinfo.com/cricketers/venkatesh-iyer-851403
210,Sheldon Jackson,Age: 37y 109d,https://www.espncricinfo.com/cricketers/sheldon-jackson-237696
211,Dharmendrasinh Jadeja,Age: 33y 163d,https://www.espncricinfo.com/cricketers/dharmendrasinh-jadeja-598935
212,Ravindra Jadeja,Age: 35y 39d,https://www.espncricinfo.com/cricketers/ravindra-jadeja-234675
213,Vishvaraj Jadeja,Age: 25y 179d,https://www.espncricinfo.com/cricketers/vishvaraj-jadeja-1131753
214,Kedar Jadhav,Age: 38y 294d,https://www.espncricinfo.com/cricketers/kedar-jadhav-290716
215,Narayan Jagadeesan,Age: 28y 21d,https://www.espncricinfo.com/cricketers/narayan-jagadeesan-1048813
216,RS Jaganath Sinivas,Age: 25y 79d,https://www.espncricinfo.com/cricketers/rs-jaganath-sinivas-1048837
217,Saransh Jain,Age: 30y 289d,https://www.espncricinfo.com/cricketers/saransh-jain-731381
218,Aprameya Jaiswal,Age: 28y 36d,https://www.espncricinfo.com/cricketers/aprameya-jaiswal-1403184
219,Yashasvi Jaiswal,Age: 22y 17d,https://www.espncricinfo.com/cricketers/yashasvi-jaiswal-1151278
220,Mohit Jangra,Age: 24y 109d,https://www.espncricinfo.com/cricketers/mohit-jangra-1151275
221,Chirag Jani,Age: 34y 66d,https://www.espncricinfo.com/cricketers/chirag-jani-527362
222,Jasmer Dhankhar,Age: 25y 90d,https://www.espncricinfo.com/cricketers/jasmer-dhankhar-1106121
223,Jassinder Singh,Age: 27y 31d,https://www.espncricinfo.com/cricketers/jassinder-singh-1300585
224,Pankaj Jaswal,Age: 28y 116d,https://www.espncricinfo.com/cricketers/pankaj-jaswal-652359
225,Jay Gohil,Age: 23y 32d,https://www.espncricinfo.com/cricketers/jay-gohil-1287036
226,Licha Jhon,Age: 26y 33d,https://www.espncricinfo.com/cricketers/licha-jhon-1403175
227,Sepichem Jingru,Age: 25y 78d,https://www.espncricinfo.com/cricketers/sepichem-jingru-1403205
228,Johnson Singh,Age: 24y 96d,https://www.espncricinfo.com/cricketers/johnson-singh-1201539
229,Rongsen Jonathan,Age: 37y 102d,https://www.espncricinfo.com/cricketers/rongsen-jonathan-424176
230,Sijomon Joseph,Age: 26y 108d,https://www.espncricinfo.com/cricketers/sijomon-joseph-1081443
231,Nabam Joshi,Age: 25y 364d,https://www.espncricinfo.com/cricketers/nabam-joshi-1403177
232,Dhruv Jurel,Age: 22y 358d,https://www.espncricinfo.com/cricketers/dhruv-jurel-1175488
233,Jyotsnil Singh,Age: 26y 30d,https://www.espncricinfo.com/cricketers/jyotsnil-singh-1125567
234,Kartik Kakade,Age: 28y 173d,https://www.espncricinfo.com/cricketers/kartik-kakade-1125568
235,Hritik Kalia,Age: 23y 362d,https://www.espncricinfo.com/cricketers/hritik-kalia-1403189
236,Anshul Kamboj,Age: 23y 39d,https://www.espncricinfo.com/cricketers/anshul-kamboj-1175428
237,Karan Kaila,Age: 29y 128d,https://www.espncricinfo.com/cricketers/karan-kaila-694213
238,Karan Lal,Age: 23y 87d,https://www.espncricinfo.com/cricketers/karan-lal-1175495
239,Karan Shinde,Age: 26y 117d,https://www.espncricinfo.com/cricketers/karan-shinde-956035
240,Akash Kargave,,https://www.espncricinfo.com/cricketers/akash-kargave-1273948
241,Pranav Karia,Age: 25y 34d,https://www.espncricinfo.com/cricketers/pranav-karia-1395880
242,Akshay Karnewar,Age: 31y 94d,https://www.espncricinfo.com/cricketers/akshay-karnewar-528730
243,Dinesh Karthik,Age: 38y 227d,https://www.espncricinfo.com/cricketers/dinesh-karthik-30045
244,Jayasundaram Karthikeyan,Age: 30y 143d,https://www.espncricinfo.com/cricketers/jayasundaram-karthikeyan-1273900
245,Kartik Tyagi,Age: 23y 67d,https://www.espncricinfo.com/cricketers/kartik-tyagi-1122918
246,Kumar Kartikeya,Age: 26y 19d,https://www.espncricinfo.com/cricketers/kumar-kartikeya-1159843
247,Vishu Kashyap,Age: 26y 19d,https://www.espncricinfo.com/cricketers/vishu-kashyap-1403215
248,Suraj Kashyap,Age: 20y 153d,https://www.espncricinfo.com/cricketers/suraj-kashyap-1246474
249,Siddarth Kaul,Age: 33y 240d,https://www.espncricinfo.com/cricketers/siddarth-kaul-326017
250,Kaushik Maity,Age: 24y 92d,https://www.espncricinfo.com/cricketers/kaushik-maity-926639
251,Madhav Kaushik,Age: 26y 11d,https://www.espncricinfo.com/cricketers/madhav-kaushik-1163698
252,Vidwath Kaverappa,Age: 24y 323d,https://www.espncricinfo.com/cricketers/vidwath-kaverappa-1155262
253,Azim Kazi,Age: 30y 92d,https://www.espncricinfo.com/cricketers/azim-kazi-1175442
254,Kushang Patel,Age: 32y 123d,https://www.espncricinfo.com/cricketers/kushang-patel-591649
255,Langlonyamba Meitan Keishangbam,Age: 26y 39d,https://www.espncricinfo.com/cricketers/langlonyamba-meitan-keishangbam-1201541
256,Khrievitso Kense,Age: 19y 314d,https://www.espncricinfo.com/cricketers/khrievitso-kense-1246493
257,Eknath Kerkar,Age: 30y 126d,https://www.espncricinfo.com/cricketers/eknath-kerkar-706341
258,Ranjot Khaira,Age: 25y 92d,https://www.espncricinfo.com/cricketers/ranjot-khaira-1277590
259,Shubham Khajuria,Age: 28y 123d,https://www.espncricinfo.com/cricketers/shubham-khajuria-543078
260,Sarfaraz Khan,Age: 26y 84d,https://www.espncricinfo.com/cricketers/sarfaraz-khan-642525
261,Salman Khan,Age: 25y 19d,https://www.espncricinfo.com/cricketers/salman-khan-949205
262,Amandeep Khare,Age: 26y 162d,https://www.espncricinfo.com/cricketers/amandeep-khare-942657
263,Kulwant Khejroliya,Age: 31y 307d,https://www.espncricinfo.com/cricketers/kulwant-khejroliya-1083033
264,Kishan Karki,Age: 31y 332d,https://www.espncricinfo.com/cricketers/kishan-karki-1287080
265,L Kishan Singha,Age: 27y 22d,https://www.espncricinfo.com/cricketers/l-kishan-singha-1246507
266,Krishnan Shrijith,Age: 27y 155d,https://www.espncricinfo.com/cricketers/krishnan-shrijith-778241
267,Virat Kohli,Age: 35y 70d,https://www.espncricinfo.com/cricketers/virat-kohli-253802
268,Bishworjit Konthoujam,Age: 27y 345d,https://www.espncricinfo.com/cricketers/bishworjit-konthoujam-1159944
269,Hetvik Kotak,Age: 22y 94d,https://www.espncricinfo.com/cricketers/hetvik-kotak-1395879
270,Tanush Kotian,Age: 25y 90d,https://www.espncricinfo.com/cricketers/tanush-kotian-1125960
271,Kshitij Patel,Age: 26y 91d,https://www.espncricinfo.com/cricketers/kshitij-patel-1131609
272,Kshitiz Sharma,Age: 33y 268d,https://www.espncricinfo.com/cricketers/kshitiz-sharma-625380
273,Kuldeep Yadav,Age: 29y 31d,https://www.espncricinfo.com/cricketers/kuldeep-yadav-559235
274,Arshin Kulkarni,Age: 18y 333d,https://www.espncricinfo.com/cricketers/arshin-kulkarni-1403153
275,Dhawal Kulkarni,Age: 35y 35d,https://www.espncricinfo.com/cricketers/dhawal-kulkarni-277955
276,Aman Kumar,Age: 24y 27d,https://www.espncricinfo.com/cricketers/aman-kumar-1135774
277,Bhuvneshwar Kumar,Age: 33y 343d,https://www.espncricinfo.com/cricketers/bhuvneshwar-kumar-326016
278,Vivek Kumar,Age: 25y 153d,https://www.espncricinfo.com/cricketers/vivek-kumar-1403203
279,Pankaj Kumar,Age: 24y 63d,https://www.espncricinfo.com/cricketers/pankaj-kumar-1210270
280,Umang Kumar,Age: 23y 34d,https://www.espncricinfo.com/cricketers/umang-kumar-1247122
281,Rohan Kunnummal,Age: 25y 249d,https://www.espncricinfo.com/cricketers/rohan-kunnummal-1079382
282,Sanvert Kurkalang,Age: 31y 147d,https://www.espncricinfo.com/cricketers/sanvert-kurkalang-1344392
283,Kumar Kushagra,Age: 19y 83d,https://www.espncricinfo.com/cricketers/kumar-kushagra-1207295
284,Nishant Kushwah,Age: 29y 88d,https://www.espncricinfo.com/cricketers/nishant-kushwah-1342030
285,Sunil Lachit,Age: 24y 39d,https://www.espncricinfo.com/cricketers/sunil-lachit-1252316
286,Lakhan Singh,Age: 25y 146d,https://www.espncricinfo.com/cricketers/lakhan-singh-854329
287,G Lalbiakvela,Age: 35y 351d,https://www.espncricinfo.com/cricketers/g-lalbiakvela-1159753
288,Lalhriatrenga,Age: 24y 27d,https://www.espncricinfo.com/cricketers/lalhriatrenga-1339018
289,Lalhruaizela,Age: 27y 15d,https://www.espncricinfo.com/cricketers/lalhruaizela-1164213
290,Lalit Yadav,Age: 27y 11d,https://www.espncricinfo.com/cricketers/lalit-yadav-930189
291,Lalit Yadav,Age: 28y 28d,https://www.espncricinfo.com/cricketers/lalit-yadav-1060363
292,Lalith Mohan,Age: 33y 301d,https://www.espncricinfo.com/cricketers/lalith-mohan-317710
293,F Lalmuanzuala,Age: 25y 147d,https://www.espncricinfo.com/cricketers/f-lalmuanzuala-1339019
294,Joseph Lalthankhuma,Age: 23y 110d,https://www.espncricinfo.com/cricketers/joseph-lalthankhuma-1287040
295,Nilesh Lamichaney,Age: 32y 132d,https://www.espncricinfo.com/cricketers/nilesh-lamichaney-1159791
296,Bhagmender Lather,Age: 26y 210d,https://www.espncricinfo.com/cricketers/bhagmender-lather-1246521
297,Lee Yong Lepcha,Age: 32y 68d,https://www.espncricinfo.com/cricketers/lee-yong-lepcha-1159795
298,Imliwati Lemtur,Age: 32y 20d,https://www.espncricinfo.com/cricketers/imliwati-lemtur-1159808
299,Mahipal Lomror,Age: 24y 59d,https://www.espncricinfo.com/cricketers/mahipal-lomror-853265
300,Lone Nasir,Age: 26y 131d,https://www.espncricinfo.com/cricketers/lone-nasir-1252366
301,Akash Madhwal,Age: 30y 50d,https://www.espncricinfo.com/cricketers/akash-madhwal-1206039
302,Mandar Mahale,Age: 23y 58d,https://www.espncricinfo.com/cricketers/mandar-mahale-1216165
303,Sourabh Majumdar,Age: 24y 344d,https://www.espncricinfo.com/cricketers/sourabh-majumdar-1246454
304,Sanjay Majumder,Age: 36y 25d,https://www.espncricinfo.com/cricketers/sanjay-majumder-554336
305,Ajay Mandal,Age: 27y 323d,https://www.espncricinfo.com/cricketers/ajay-mandal-1059570
306,Mandeep Singh,Age: 32y 27d,https://www.espncricinfo.com/cricketers/mandeep-singh-398506
307,Manish Golamaru,Age: 27y 123d,https://www.espncricinfo.com/cricketers/manish-golamaru-1159715
308,Prerak Mankad,Age: 29y 266d,https://www.espncricinfo.com/cricketers/prerak-mankad-956871
309,Abhinav Manohar,Age: 29y 120d,https://www.espncricinfo.com/cricketers/abhinav-manohar-778963
310,Unnikrishnan Manukrishnan,Age: 35y 102d,https://www.espncricinfo.com/cricketers/unnikrishnan-manukrishnan-423810
311,Kilco Marak,Age: 31y 171d,https://www.espncricinfo.com/cricketers/kilco-marak-1206026
312,Mayank Markande,Age: 26y 64d,https://www.espncricinfo.com/cricketers/mayank-markande-1081442
313,Md Saptulla,Age: 25y 218d,https://www.espncricinfo.com/cricketers/md-saptulla-1246523
314,Lukman Meriwala,Age: 32y 34d,https://www.espncricinfo.com/cricketers/lukman-meriwala-573930
315,Siddharth Mhatre,Age: 23y 138d,https://www.espncricinfo.com/cricketers/siddharth-mhatre-1403154
316,Pathirikattu Midhun,Age: 29y 262d,https://www.espncricinfo.com/cricketers/pathirikattu-midhun-1246499
317,Chama Milind,Age: 29y 132d,https://www.espncricinfo.com/cricketers/chama-milind-604616
318,Darshan Misal,Age: 31y 125d,https://www.espncricinfo.com/cricketers/darshan-misal-501345
319,Amit Mishra,Age: 41y 51d,https://www.espncricinfo.com/cricketers/amit-mishra-31107
320,Sushant Mishra,Age: 23y 22d,https://www.espncricinfo.com/cricketers/sushant-mishra-1175457
321,Moakumzuk Tzudir,Age: 28y 90d,https://www.espncricinfo.com/cricketers/moakumzuk-tzudir-1202554
322,Mohammad Saif,Age: 27y 137d,https://www.espncricinfo.com/cricketers/mohammad-saif-642523
323,Mohammed Azharuddeen,Age: 29y 298d,https://www.espncricinfo.com/cricketers/mohammed-azharuddeen-940733
324,Mohammed Shami,Age: 33y 133d,https://www.espncricinfo.com/cricketers/mohammed-shami-481896
325,Mohammed Siraj,Age: 29y 307d,https://www.espncricinfo.com/cricketers/mohammed-siraj-940973
326,Mohammed Mohammed,Age: 32y 42d,https://www.espncricinfo.com/cricketers/mohammed-mohammed-588328
327,Mohit Ahlawat,Age: 28y 20d,https://www.espncricinfo.com/cricketers/mohit-ahlawat-924377
328,Mohit Rathee,Age: 25y 1d,https://www.espncricinfo.com/cricketers/mohit-rathee-1349361
329,Mohsin Khan,Age: 25y 183d,https://www.espncricinfo.com/cricketers/mohsin-khan-1132005
330,Mukesh Kumar,Age: 30y 94d,https://www.espncricinfo.com/cricketers/mukesh-kumar-926851
331,Mukhtar Hussain,Age: 25y 3d,https://www.espncricinfo.com/cricketers/mukhtar-hussain-1135340
332,Shams Mulani,Age: 26y 307d,https://www.espncricinfo.com/cricketers/shams-mulani-1131607
333,Manisankar Murasingh,Age: 31y 13d,https://www.espncricinfo.com/cricketers/manisankar-murasingh-390730
334,Sylvester Mylliempdah,Age: 31y 120d,https://www.espncricinfo.com/cricketers/sylvester-mylliempdah-1159783
335,Shahbaz Nadeem,Age: 34y 155d,https://www.espncricinfo.com/cricketers/shahbaz-nadeem-31872
336,Nagaho Chishi,Age: 26y 63d,https://www.espncricinfo.com/cricketers/nagaho-chishi-1201603
337,Arzan Nagwaswalla,Age: 26y 89d,https://www.espncricinfo.com/cricketers/arzan-nagwaswalla-1136213
338,Nikhil Naik,Age: 29y 66d,https://www.espncricinfo.com/cricketers/nikhil-naik-554700
339,Karun Nair,Age: 32y 39d,https://www.espncricinfo.com/cricketers/karun-nair-398439
340,Nakul Sharma,Age: 30y 83d,https://www.espncricinfo.com/cricketers/nakul-sharma-816727
341,Darshan Nalkande,Age: 25y 102d,https://www.espncricinfo.com/cricketers/darshan-nalkande-1111917
342,Naman Dhir,Age: 24y 14d,https://www.espncricinfo.com/cricketers/naman-dhir-1287032
343,Pulkit Narang,Age: 29y 210d,https://www.espncricinfo.com/cricketers/pulkit-narang-714605
344,T Natarajan,Age: 32y 285d,https://www.espncricinfo.com/cricketers/t-natarajan-802575
345,Nawaz Khan,Age: 28y 281d,https://www.espncricinfo.com/cricketers/nawaz-khan-1354298
346,Varun Nayanar,Age: 21y 82d,https://www.espncricinfo.com/cricketers/varun-nayanar-1175421
347,Neelam Obi,Age: 30y 363d,https://www.espncricinfo.com/cricketers/neelam-obi-1163661
348,Dikshanshu Negi,Age: 33y 101d,https://www.espncricinfo.com/cricketers/dikshanshu-negi-777533
349,Mukul Negi,Age: 26y 108d,https://www.espncricinfo.com/cricketers/mukul-negi-1403191
350,Ravinder Negi,Age: 21y 208d,https://www.espncricinfo.com/cricketers/ravinder-negi-1403167
351,Techi Neri,Age: 29y 249d,https://www.espncricinfo.com/cricketers/techi-neri-1159763
352,Oren Ngullie,Age: 29y 25d,https://www.espncricinfo.com/cricketers/oren-ngullie-1159814
353,Sharman Nigrodh,Age: 18y 231d,https://www.espncricinfo.com/cricketers/sharman-nigrodh-1403210
354,Nitesh Sedai,Age: 25y 340d,https://www.espncricinfo.com/cricketers/nitesh-sedai-1206053
355,Nitin Yadav,Age: 31y 55d,https://www.espncricinfo.com/cricketers/nitin-yadav-950031
356,Nitish Kumar Reddy,Age: 20y 233d,https://www.espncricinfo.com/cricketers/nitish-kumar-reddy-1175496
357,Kumar Nyompu,Age: 31y 129d,https://www.espncricinfo.com/cricketers/kumar-nyompu-1246479
358,Vicky Ostwal,Age: 21y 135d,https://www.espncricinfo.com/cricketers/vicky-ostwal-1292520
359,Joshua Ozukum,Age: 23y 163d,https://www.espncricinfo.com/cricketers/joshua-ozukum-926651
360,Devdutt Padikkal,Age: 23y 191d,https://www.espncricinfo.com/cricketers/devdutt-padikkal-1119026
361,Prashant Painkra,Age: 21y 128d,https://www.espncricinfo.com/cricketers/prashant-painkra-1403201
362,Rajat Paliwal,Age: 32y 21d,https://www.espncricinfo.com/cricketers/rajat-paliwal-538021
363,Priyank Panchal,Age: 33y 280d,https://www.espncricinfo.com/cricketers/priyank-panchal-340062
364,Akshat Pandey,Age: 30y 301d,https://www.espncricinfo.com/cricketers/akshat-pandey-941039
365,Manish Pandey,Age: 34y 126d,https://www.espncricinfo.com/cricketers/manish-pandey-290630
366,Prateek Pandey,Age: 21y 353d,https://www.espncricinfo.com/cricketers/prateek-pandey-1403165
367,Akash Pandey,Age: 24y 346d,https://www.espncricinfo.com/cricketers/akash-pandey-1246443
368,Krishna Pandey,Age: 29y 119d,https://www.espncricinfo.com/cricketers/krishna-pandey-1324975
369,Hardik Pandya,Age: 30y 95d,https://www.espncricinfo.com/cricketers/hardik-pandya-625371
370,Krunal Pandya,Age: 32y 296d,https://www.espncricinfo.com/cricketers/krunal-pandya-471342
371,Bhanu Pania,Age: 27y 132d,https://www.espncricinfo.com/cricketers/bhanu-pania-1246530
372,Riyan Parag,Age: 22y 65d,https://www.espncricinfo.com/cricketers/riyan-parag-1079434
373,Parameeswaran Sivaraman,Age: 23y 327d,https://www.espncricinfo.com/cricketers/parameeswaran-sivaraman-1273869
374,Parvez Sultan,Age: 20y 180d,https://www.espncricinfo.com/cricketers/parvez-sultan-1246496
375,Dipesh Parwani,Age: 24y,https://www.espncricinfo.com/cricketers/dipesh-parwani-1403206
376,Dhruv Patel,Age: 26y 124d,https://www.espncricinfo.com/cricketers/dhruv-patel-1126179
377,Axar Patel,Age: 29y 359d,https://www.espncricinfo.com/cricketers/axar-patel-554691
378,Hardik Patel,Age: 28y 251d,https://www.espncricinfo.com/cricketers/hardik-patel-793915
379,Harshal Patel,Age: 33y 52d,https://www.espncricinfo.com/cricketers/harshal-patel-390481
380,Urvil Patel,Age: 25y 89d,https://www.espncricinfo.com/cricketers/urvil-patel-1131570
381,Hemang Patel,Age: 25y 55d,https://www.espncricinfo.com/cricketers/hemang-patel-1159726
382,Ripal Patel,Age: 28y 108d,https://www.espncricinfo.com/cricketers/ripal-patel-1201520
383,Shen Patel,Age: 20y 264d,https://www.espncricinfo.com/cricketers/shen-patel-1344409
384,Rajat Patidar,Age: 30y 227d,https://www.espncricinfo.com/cricketers/rajat-patidar-823703
385,Sandeep Pattnaik,Age: 25y 242d,https://www.espncricinfo.com/cricketers/sandeep-pattnaik-1059579
386,Rakesh Pattnaik,Age: 31y 198d,https://www.espncricinfo.com/cricketers/rakesh-pattnaik-1252327
387,Chiranjit Paul,Age: 27y 208d,https://www.espncricinfo.com/cricketers/chiranjit-paul-625407
388,Sankar Paul,Age: 23y 60d,https://www.espncricinfo.com/cricketers/sankar-paul-1246497
389,Vijay Pawale,,https://www.espncricinfo.com/cricketers/vijay-pawale-1403156
390,Prasad Pawar,Age: 28y 348d,https://www.espncricinfo.com/cricketers/prasad-pawar-1292526
391,Mahesh Pithiya,Age: 22y 21d,https://www.espncricinfo.com/cricketers/mahesh-pithiya-1216154
392,Piyush Joshi,Age: 27y 232d,https://www.espncricinfo.com/cricketers/piyush-joshi-1166910
393,Govinda Poddar,Age: 32y 127d,https://www.espncricinfo.com/cricketers/govinda-poddar-390734
394,Poonam Poonia,Age: 29y 33d,https://www.espncricinfo.com/cricketers/poonam-poonia-924467
395,Ishan Porel,Age: 25y 131d,https://www.espncricinfo.com/cricketers/ishan-porel-967603
396,Prabhsimran Singh,Age: 23y 157d,https://www.espncricinfo.com/cricketers/prabhsimran-singh-1161024
397,Suyash Prabhudessai,Age: 26y 39d,https://www.espncricinfo.com/cricketers/suyash-prabhudessai-1083851
398,Debabrata Pradhan,Age: 27y 96d,https://www.espncricinfo.com/cricketers/debabrata-pradhan-1083876
399,Pradipta Pramanik,Age: 25y 98d,https://www.espncricinfo.com/cricketers/pradipta-pramanik-942651
400,Sankar Praad,Age: 24y 194d,https://www.espncricinfo.com/cricketers/sankar-praad-1403196
401,Prasidh Krishna,Age: 27y 329d,https://www.espncricinfo.com/cricketers/prasidh-krishna-917159
402,Raghuvendra Pratap Singh,Age: 20y 166d,https://www.espncricinfo.com/cricketers/raghuvendra-pratap-singh-1339037
403,Pratham Singh,Age: 31y 136d,https://www.espncricinfo.com/cricketers/pratham-singh-1083464
404,Prayash Singh,Age: 29y 346d,https://www.espncricinfo.com/cricketers/prayash-singh-1084428
405,Prince Yadav,Age: 26y 12d,https://www.espncricinfo.com/cricketers/prince-yadav-1300836
406,Prithvi Raj,Age: 25y 328d,https://www.espncricinfo.com/cricketers/prithvi-raj-1121579
407,Shubham Pundir,Age: 25y 90d,https://www.espncricinfo.com/cricketers/shubham-pundir-820355
408,Qamran Iqbal,Age: 22y 89d,https://www.espncricinfo.com/cricketers/qamran-iqbal-1169609
409,Angkrish Raghuvanshi,Age: 18y 223d,https://www.espncricinfo.com/cricketers/angkrish-raghuvanshi-1292495
410,Ajinkya Rahane,Age: 35y 222d,https://www.espncricinfo.com/cricketers/ajinkya-rahane-277916
411,Rahul Singh,Age: 26y 123d,https://www.espncricinfo.com/cricketers/rahul-singh-1083024
412,Rahul Singh,Age: 28y 118d,https://www.espncricinfo.com/cricketers/rahul-singh-604612
413,KL Rahul,Age: 31y 271d,https://www.espncricinfo.com/cricketers/kl-rahul-422108
414,Kinara Rai,Age: 25y 360d,https://www.espncricinfo.com/cricketers/kinara-rai-1403194
415,Malay Raj,Age: 20y 309d,https://www.espncricinfo.com/cricketers/malay-raj-1214422
416,Akash Raj,Age: 21y 82d,https://www.espncricinfo.com/cricketers/akash-raj-1246468
417,Harsh Raj,Age: 23y 323d,https://www.espncricinfo.com/cricketers/harsh-raj-1246470
418,Rajan Kumar,Age: 27y 190d,https://www.espncricinfo.com/cricketers/rajan-kumar-1339027
419,Rajesh Bishnoi,Age: 33y 354d,https://www.espncricinfo.com/cricketers/rajesh-bishnoi-574392
420,Abhimanyusingh Rajput,Age: 25y 250d,https://www.espncricinfo.com/cricketers/abhimanyusingh-rajput-1201537
421,Rakshan Readdi,Age: 23y 107d,https://www.espncricinfo.com/cricketers/rakshan-readdi-1246438
422,Lalhruai Ralte,Age: 31y 310d,https://www.espncricinfo.com/cricketers/lalhruai-ralte-1159752
423,Rosiamliana Ralte,Age: 36y 24d,https://www.espncricinfo.com/cricketers/rosiamliana-ralte-1252342
424,Ramandeep Singh,Age: 26y 276d,https://www.espncricinfo.com/cricketers/ramandeep-singh-1079470
425,Himanshu Rana,Age: 25y 105d,https://www.espncricinfo.com/cricketers/himanshu-rana-816599
426,Nitish Rana,Age: 30y 18d,https://www.espncricinfo.com/cricketers/nitish-rana-604527
427,Shaik Rasheed,Age: 19y 112d,https://www.espncricinfo.com/cricketers/shaik-rasheed-1292497
428,Rasikh Salam,Age: 23y 284d,https://www.espncricinfo.com/cricketers/rasikh-salam-1161489
429,Rushabh Rathod,Age: 29y 173d,https://www.espncricinfo.com/cricketers/rushabh-rathod-1079561
430,Harshit Rathod,Age: 25y 164d,https://www.espncricinfo.com/cricketers/harshit-rathod-1252330
431,Kunal Singh Rathore,Age: 21y 97d,https://www.espncricinfo.com/cricketers/kunal-singh-rathore-1339031
432,Ninad Rathva,Age: 24y 310d,https://www.espncricinfo.com/cricketers/ninad-rathva-1126213
433,Ravi Bishnoi,Age: 23y 131d,https://www.espncricinfo.com/cricketers/ravi-bishnoi-1175441
434,Ravi Kumar,Age: 20y 77d,https://www.espncricinfo.com/cricketers/ravi-kumar-1277532
435,Ravi Teja,Age: 29y 87d,https://www.espncricinfo.com/cricketers/ravi-teja-1079377
436,Akhil Rawat,Age: 23y 71d,https://www.espncricinfo.com/cricketers/akhil-rawat-1216038
437,Pankaj Rawat,Age: 30y 234d,https://www.espncricinfo.com/cricketers/pankaj-rawat-1292550
438,Prayas Ray Barman,Age: 21y 81d,https://www.espncricinfo.com/cricketers/prayas-ray-barman-1159712
439,Ambati Rayudu,Age: 38y 113d,https://www.espncricinfo.com/cricketers/ambati-rayudu-33141
440,Harishankar Reddy,Age: 25y 226d,https://www.espncricinfo.com/cricketers/harishankar-reddy-1131755
441,Mohit Redkar,Age: 23y 109d,https://www.espncricinfo.com/cricketers/mohit-redkar-1287073
442,Remruatdika Ralte,Age: 25y 161d,https://www.espncricinfo.com/cricketers/remruatdika-ralte-1287044
443,Laishram Robertson,Age: 28y 319d,https://www.espncricinfo.com/cricketers/laishram-robertson-1404959
444,Ajay Rohera,Age: 26y 224d,https://www.espncricinfo.com/cricketers/ajay-rohera-1126225
445,Shubham Rohilla,Age: 25y 310d,https://www.espncricinfo.com/cricketers/shubham-rohilla-824935
446,Sarvesh Rohilla,Age: 20y 39d,https://www.espncricinfo.com/cricketers/sarvesh-rohilla-1292501
447,Damodaran Rohit,Age: 31y 231d,https://www.espncricinfo.com/cricketers/damodaran-rohit-598284
448,Rohit Rayudu,Age: 29y 169d,https://www.espncricinfo.com/cricketers/rohit-rayudu-1083493
449,Sunil Roul,Age: 25y 92d,https://www.espncricinfo.com/cricketers/sunil-roul-1246465
450,Ritwik Roy Chowdhury,Age: 28y 55d,https://www.espncricinfo.com/cricketers/ritwik-roy-chowdhury-849751
451,Anukul Roy,Age: 25y 45d,https://www.espncricinfo.com/cricketers/anukul-roy-1079839
452,Sibsankar Roy,Age: 33y 96d,https://www.espncricinfo.com/cricketers/sibsankar-roy-339950
453,Bishal Roy,Age: 21y 149d,https://www.espncricinfo.com/cricketers/bishal-roy-1292561
454,Sumit Ruikar,Age: 33y 222d,https://www.espncricinfo.com/cricketers/sumit-ruikar-527291
455,Sedezhalie Rupero,Age: 26y 60d,https://www.espncricinfo.com/cricketers/sedezhalie-rupero-1159812
456,Sachin Baby,Age: 35y 27d,https://www.espncricinfo.com/cricketers/sachin-baby-432783
457,Sachin Kumar,Age: 26y 20d,https://www.espncricinfo.com/cricketers/sachin-kumar-1201552
458,Sagar Rana,Age: 23y 52d,https://www.espncricinfo.com/cricketers/sagar-rana-1405336
459,Viki Saha,Age: 26y 14d,https://www.espncricinfo.com/cricketers/viki-saha-680355
460,Wriddhiman Saha,Age: 39y 82d,https://www.espncricinfo.com/cricketers/wriddhiman-saha-279810
461,Chandan Sahani,Age: 25y 350d,https://www.espncricinfo.com/cricketers/chandan-sahani-1070178
462,Parth Sahani,Age: 30y 311d,https://www.espncricinfo.com/cricketers/parth-sahani-851409
463,Sahil Lotra,Age: 25y 78d,https://www.espncricinfo.com/cricketers/sahil-lotra-1300720
464,Sai Kishore,Age: 27y 69d,https://www.espncricinfo.com/cricketers/sai-kishore-1048739
465,Sai Sudharsan,Age: 22y 91d,https://www.espncricinfo.com/cricketers/sai-sudharsan-1151288
466,Pradyun Saikia,Age: 20y 362d,https://www.espncricinfo.com/cricketers/pradyun-saikia-1403188
467,Navdeep Saini,Age: 31y 52d,https://www.espncricinfo.com/cricketers/navdeep-saini-700167
468,Kavuri Saiteja,Age: 23y 350d,https://www.espncricinfo.com/cricketers/kavuri-saiteja-1292621
469,Chetan Sakariya,Age: 25y 320d,https://www.espncricinfo.com/cricketers/chetan-sakariya-1131754
470,Salman Nizar,Age: 26y 198d,https://www.espncricinfo.com/cricketers/salman-nizar-826349
471,Swastik Samal,Age: 23y 171d,https://www.espncricinfo.com/cricketers/swastik-samal-1175445
472,Sameer Rizvi,Age: 20y 39d,https://www.espncricinfo.com/cricketers/sameer-rizvi-1175489
473,Sanju Samson,Age: 29y 64d,https://www.espncricinfo.com/cricketers/sanju-samson-425943
474,Sandeep Sharma,Age: 30y 241d,https://www.espncricinfo.com/cricketers/sandeep-sharma-438362
475,Sandeep Warrier,Age: 32y 285d,https://www.espncricinfo.com/cricketers/sandeep-warrier-592735
476,Yara Sandeep,Age: 24y 104d,https://www.espncricinfo.com/cricketers/yara-sandeep-1292528
477,Arien Sangma,Age: 24y 347d,https://www.espncricinfo.com/cricketers/arien-sangma-1403151
478,Junjun Sangma,Age: 25y 214d,https://www.espncricinfo.com/cricketers/junjun-sangma-1345705
479,Chengkam Sangma,Age: 29y 96d,https://www.espncricinfo.com/cricketers/chengkam-sangma-1159784
480,Larry Sangma,Age: 31y 101d,https://www.espncricinfo.com/cricketers/larry-sangma-1175448
481,Pradeep Sangwan,Age: 33y 70d,https://www.espncricinfo.com/cricketers/pradeep-sangwan-279545
482,Sanjay Yadav,Age: 28y 249d,https://www.espncricinfo.com/cricketers/sanjay-yadav-1048841
483,Elligaram Sanketh,Age: 24y 98d,https://www.espncricinfo.com/cricketers/elligaram-sanketh-1288465
484,Sanvir Singh,Age: 27y 94d,https://www.espncricinfo.com/cricketers/sanvir-singh-1132219
485,Abhijit Sarkar,Age: 27y 25d,https://www.espncricinfo.com/cricketers/abhijit-sarkar-625406
486,Ajay Sarkar,Age: 26y 310d,https://www.espncricinfo.com/cricketers/ajay-sarkar-852305
487,Kunal Sarmah,Age: 24y 346d,https://www.espncricinfo.com/cricketers/kunal-sarmah-1403186
488,Aditya Sarwate,Age: 34y 35d,https://www.espncricinfo.com/cricketers/aditya-sarwate-719717
489,KV Sasikanth,Age: 28y 181d,https://www.espncricinfo.com/cricketers/kv-sasikanth-852317
490,Bipin Saurabh,Age: 24y 55d,https://www.espncricinfo.com/cricketers/bipin-saurabh-1287029
491,Tunish Sawkar,Age: 25y 111d,https://www.espncricinfo.com/cricketers/tunish-sawkar-1203282
492,Jalaj Saxena,Age: 37y 30d,https://www.espncricinfo.com/cricketers/jalaj-saxena-237199
493,Nirupam Sen Chowdhary,Age: 33y 83d,https://www.espncricinfo.com/cricketers/nirupam-sen-chowdhary-489849
494,Ekant Sen,Age: 28y 207d,https://www.espncricinfo.com/cricketers/ekant-sen-977815
495,Nirupam Sen,Age: 33y 320d,https://www.espncricinfo.com/cricketers/nirupam-sen-500151
496,Amiangshu Sen,Age: 29y 48d,https://www.espncricinfo.com/cricketers/amiangshu-sen-1159788
497,Kuldeep Sen,Age: 27y 84d,https://www.espncricinfo.com/cricketers/kuldeep-sen-1163695
498,Subhranshu Senapati,Age: 27y 15d,https://www.espncricinfo.com/cricketers/subhranshu-senapati-1059577
499,Akash Sengupta,Age: 23y 80d,https://www.espncricinfo.com/cricketers/akash-sengupta-1079841
500,Yorjum Sera,Age: 21y 297d,https://www.espncricinfo.com/cricketers/yorjum-sera-1403174
501,Shahbaz Ahmed,Age: 29y 34d,https://www.espncricinfo.com/cricketers/shahbaz-ahmed-1159711
502,M Shahrukh Khan,Age: 28y 232d,https://www.espncricinfo.com/cricketers/m-shahrukh-khan-719719
503,Mayank Shandilya,Age: 19y 295d,https://www.espncricinfo.com/cricketers/mayank-shandilya-1301895
504,Vijay Shankar,Age: 32y 353d,https://www.espncricinfo.com/cricketers/vijay-shankar-477021
505,Shantanu Mishra,Age: 29y 229d,https://www.espncricinfo.com/cricketers/shantanu-mishra-1122977
506,BR Sharath,Age: 27y 108d,https://www.espncricinfo.com/cricketers/br-sharath-917231
507,Arjun Sharma,Age: 27y 238d,https://www.espncricinfo.com/cricketers/arjun-sharma-731473
508,Himanshu Sharma,Age: 25y 222d,https://www.espncricinfo.com/cricketers/himanshu-sharma-1350761
509,Ishant Sharma,Age: 35y 134d,https://www.espncricinfo.com/cricketers/ishant-sharma-236779
510,Jitesh Sharma,Age: 30y 84d,https://www.espncricinfo.com/cricketers/jitesh-sharma-721867
511,Karn Sharma,Age: 36y 83d,https://www.espncricinfo.com/cricketers/karn-sharma-30288
512,Mohit Sharma,Age: 35y 118d,https://www.espncricinfo.com/cricketers/mohit-sharma-537119
513,Rohit Sharma,Age: 36y 259d,https://www.espncricinfo.com/cricketers/rohit-sharma-34102
514,Rohit Sharma,Age: 30y 200d,https://www.espncricinfo.com/cricketers/rohit-sharma-934943
515,Shubham Sharma,Age: 28y 160d,https://www.espncricinfo.com/cricketers/shubham-sharma-1405633
516,Shubham Sharma,Age: 30y 21d,https://www.espncricinfo.com/cricketers/shubham-sharma-680045
517,Ashutosh Sharma,Age: 25y 121d,https://www.espncricinfo.com/cricketers/ashutosh-sharma-1131978
518,Bharat Sharma,Age: 28y 60d,https://www.espncricinfo.com/cricketers/bharat-sharma-1273854
519,Jeetendra Sharma,Age: 27y 32d,https://www.espncricinfo.com/cricketers/jeetendra-sharma-1344402
520,Karan Sharma,Age: 25y 75d,https://www.espncricinfo.com/cricketers/karan-sharma-1246518
521,Rahul Sharma,Age: 33y 15d,https://www.espncricinfo.com/cricketers/rahul-sharma-1301885
522,Shivalik Sharma,Age: 25y 47d,https://www.espncricinfo.com/cricketers/shivalik-sharma-1167965
523,Shashank Singh,Age: 32y 54d,https://www.espncricinfo.com/cricketers/shashank-singh-377534
524,Prithvi Shaw,Age: 24y 66d,https://www.espncricinfo.com/cricketers/prithvi-shaw-1070168
525,Galpo Sherpa,Age: 27y 356d,https://www.espncricinfo.com/cricketers/galpo-sherpa-1403193
526,Atit Sheth,Age: 27y 345d,https://www.espncricinfo.com/cricketers/atit-sheth-652361
527,Dhanraj Shinde,Age: 24y 127d,https://www.espncricinfo.com/cricketers/dhanraj-shinde-1403155
528,Shiva Singh,Age: 24y 90d,https://www.espncricinfo.com/cricketers/shiva-singh-1070194
529,Shivam Mavi,Age: 25y 49d,https://www.espncricinfo.com/cricketers/shivam-mavi-1079848
530,Hrithik Shokeen,Age: 23y 153d,https://www.espncricinfo.com/cricketers/hrithik-shokeen-1175423
531,Dhruv Shorey,Age: 31y 223d,https://www.espncricinfo.com/cricketers/dhruv-shorey-590327
532,Shubham Singh,Age: 27y 9d,https://www.espncricinfo.com/cricketers/shubham-singh-1122497
533,Shubman Gill,Age: 24y 128d,https://www.espncricinfo.com/cricketers/shubman-gill-1070173
534,Rahul Shukla,Age: 33y 139d,https://www.espncricinfo.com/cricketers/rahul-shukla-390547
535,Mewada Shylla,Age: 23y 212d,https://www.espncricinfo.com/cricketers/mewada-shylla-1403152
536,Krishnamurthy Siddharth,Age: 31y 53d,https://www.espncricinfo.com/cricketers/krishnamurthy-siddharth-573889
537,Nishant Sindhu,Age: 19y 280d,https://www.espncricinfo.com/cricketers/nishant-sindhu-1292506
538,Aditya Singh,Age: 25y 81d,https://www.espncricinfo.com/cricketers/aditya-singh-1403202
539,Piyush Singh,Age: 28y 68d,https://www.espncricinfo.com/cricketers/piyush-singh-1403168
540,Paramjit Singh,Age: 21y 100d,https://www.espncricinfo.com/cricketers/paramjit-singh-1403208
541,Rinku Singh,Age: 26y 94d,https://www.espncricinfo.com/cricketers/rinku-singh-723105
542,Vikas Singh,Age: 24y 88d,https://www.espncricinfo.com/cricketers/vikas-singh-1403169
543,Harsh Singh,Age: 28y 116d,https://www.espncricinfo.com/cricketers/harsh-singh-1166195
544,Kangabam Priyojit,Age: 29y 51d,https://www.espncricinfo.com/cricketers/kangabam-priyojit-1159951
545,Lamabam Singh,Age: 24y 340d,https://www.espncricinfo.com/cricketers/lamabam-singh-1175444
546,Prafullomani Singh,Age: 29y 319d,https://www.espncricinfo.com/cricketers/prafullomani-singh-1159943
547,Rex Rajkumar,Age: 23y 137d,https://www.espncricinfo.com/cricketers/rex-rajkumar-1159940
548,Myendung Singpho,Age: 27y 83d,https://www.espncricinfo.com/cricketers/myendung-singpho-1159761
549,Arkaprabha Sinha,Age: 25y 169d,https://www.espncricinfo.com/cricketers/arkaprabha-sinha-1202928
550,Sagar Solanki,Age: 24y 13d,https://www.espncricinfo.com/cricketers/sagar-solanki-1350772
551,Vishnu Solanki,Age: 31y 91d,https://www.espncricinfo.com/cricketers/vishnu-solanki-604593
552,Prashant Solanki,Age: 23y 326d,https://www.espncricinfo.com/cricketers/prashant-solanki-1252337
553,Soyeb Sopariya,Age: 29y 126d,https://www.espncricinfo.com/cricketers/soyeb-sopariya-1167968
554,Sourav Dey,Age: 20y 22d,https://www.espncricinfo.com/cricketers/sourav-dey-1403187
555,Cheepurapalli Stephen,Age: 30y 42d,https://www.espncricinfo.com/cricketers/cheepurapalli-stephen-679589
556,Sultan Karim,Age: 29y 58d,https://www.espncricinfo.com/cricketers/sultan-karim-1159949
557,Sumeet Verma,Age: 33y 57d,https://www.espncricinfo.com/cricketers/sumeet-verma-390724
558,Sumit Kumar,Age: 28y 15d,https://www.espncricinfo.com/cricketers/sumit-kumar-820393
559,Sumit Kumar,Age: 28y 33d,https://www.espncricinfo.com/cricketers/sumit-kumar-1159734
560,Sumit Singh,Age: 36y 126d,https://www.espncricinfo.com/cricketers/sumit-singh-430486
561,Susheel Kumar,Age: 27y 76d,https://www.espncricinfo.com/cricketers/susheel-kumar-1339020
562,Manav Suthar,Age: 21y 164d,https://www.espncricinfo.com/cricketers/manav-suthar-1175426
563,Suyash Sharma,Age: 20y 244d,https://www.espncricinfo.com/cricketers/suyash-sharma-1350792
564,Swapnil Singh,Age: 32y 357d,https://www.espncricinfo.com/cricketers/swapnil-singh-232292
565,Tahmeed Rahman,Age: 25y 110d,https://www.espncricinfo.com/cricketers/tahmeed-rahman-1159805
566,Atharva Taide,Age: 23y 263d,https://www.espncricinfo.com/cricketers/atharva-taide-1125958
567,Palzor Tamang,Age: 30y 326d,https://www.espncricinfo.com/cricketers/palzor-tamang-1159796
568,Hardik Tamore,Age: 26y 86d,https://www.espncricinfo.com/cricketers/hardik-tamore-1212583
569,Nitin Tanwar,Age: 27y 97d,https://www.espncricinfo.com/cricketers/nitin-tanwar-1121603
570,Pinninti Tapaswi,Age: 27y 154d,https://www.espncricinfo.com/cricketers/pinninti-tapaswi-1201466
571,Tarang Gohel,Age: 24y 150d,https://www.espncricinfo.com/cricketers/tarang-gohel-1299794
572,Tarani Sa,Age: 27y 122d,https://www.espncricinfo.com/cricketers/tarani-sa-1246463
573,Aditya Tare,Age: 36y 68d,https://www.espncricinfo.com/cricketers/aditya-tare-333904
574,Shubham Tari,Age: 22y 227d,https://www.espncricinfo.com/cricketers/shubham-tari-1301891
575,Techi Sonam,Age: 26y 223d,https://www.espncricinfo.com/cricketers/techi-sonam-1252352
576,Arjun Tendulkar,Age: 24y 112d,https://www.espncricinfo.com/cricketers/arjun-tendulkar-1148776
577,Tana Teti,Age: 25y 212d,https://www.espncricinfo.com/cricketers/tana-teti-1403176
578,Rahul Tewatia,Age: 30y 239d,https://www.espncricinfo.com/cricketers/rahul-tewatia-423838
579,Karan Tewatiya,Age: 27y 65d,https://www.espncricinfo.com/cricketers/karan-tewatiya-1403204
580,Shardul Thakur,Age: 32y 90d,https://www.espncricinfo.com/cricketers/shardul-thakur-475281
581,Aayush Thakur,Age: 21y 52d,https://www.espncricinfo.com/cricketers/aayush-thakur-1292517
582,Rakesh Thakur,Age: 32y 126d,https://www.espncricinfo.com/cricketers/rakesh-thakur-1245402
583,Avinash Thapa,Age: 27y 17d,https://www.espncricinfo.com/cricketers/avinash-thapa-1403179
584,Ashish Thapa,Age: 30y 10d,https://www.espncricinfo.com/cricketers/ashish-thapa-1159794
585,Tanay Thyagarajan,Age: 28y 60d,https://www.espncricinfo.com/cricketers/tanay-thyagarajan-1080008
586,Tilak Varma,Age: 21y 67d,https://www.espncricinfo.com/cricketers/tilak-varma-1170265
587,Agrim Tiwari,Age: 27y 275d,https://www.espncricinfo.com/cricketers/agrim-tiwari-1214410
588,Saurabh Tiwary,Age: 34y 15d,https://www.espncricinfo.com/cricketers/saurabh-tiwary-35390
589,Anuj Tiwary,Age: 27y 47d,https://www.espncricinfo.com/cricketers/anuj-tiwary-1169576
590,Prashant Tomar,Age: 23y 285d,https://www.espncricinfo.com/cricketers/prashant-tomar-1403190
591,Abhijeet Tomar,Age: 28y 306d,https://www.espncricinfo.com/cricketers/abhijeet-tomar-1081183
592,Rahul Tripathi,Age: 32y 318d,https://www.espncricinfo.com/cricketers/rahul-tripathi-446763
593,Sagar Udeshi,Age: 37y 92d,https://www.espncricinfo.com/cricketers/sagar-udeshi-1168743
594,Umran Malik,Age: 24y 53d,https://www.espncricinfo.com/cricketers/umran-malik-1246528
595,Jaydev Unadkat,Age: 32y 88d,https://www.espncricinfo.com/cricketers/jaydev-unadkat-390484
596,Vaisakh Chandran,Age: 27y 228d,https://www.espncricinfo.com/cricketers/vaisakh-chandran-1287068
597,TC Vanlalremruata,Age: 23y 191d,https://www.espncricinfo.com/cricketers/tc-vanlalremruata-1403160
598,Varun Chakravarthy,Age: 32y 138d,https://www.espncricinfo.com/cricketers/varun-chakravarthy-1108375
599,Shivank Vashisht,Age: 28y 119d,https://www.espncricinfo.com/cricketers/shivank-vashisht-1164186
600,Akash Vasisht,Age: 29y 28d,https://www.espncricinfo.com/cricketers/akash-vasisht-722597
601,Prashant Veer,Age: 18y 51d,https://www.espncricinfo.com/cricketers/prashant-veer-1403197
602,Nakul Verma,Age: 32y 275d,https://www.espncricinfo.com/cricketers/nakul-verma-484057
603,Hanuma Vihari,Age: 30y 93d,https://www.espncricinfo.com/cricketers/hanuma-vihari-452044
604,Tripurana Vijay,Age: 22y 131d,https://www.espncricinfo.com/cricketers/tripurana-vijay-1292527
605,Vikash Kumar,Age: 27y 44d,https://www.espncricinfo.com/cricketers/vikash-kumar-1252341
606,Vikash Singh,Age: 29y 200d,https://www.espncricinfo.com/cricketers/vikash-singh-720469
607,Vikash Vishal,Age: 24y 342d,https://www.espncricinfo.com/cricketers/vikash-vishal-1246458
608,Marimuthu Vikneshwaran,Age: 31y 137d,https://www.espncricinfo.com/cricketers/marimuthu-vikneshwaran-1159742
609,Vinayak Vikram,Age: 26y 57d,https://www.espncricinfo.com/cricketers/vinayak-vikram-923779
610,Vinod Kumar,Age: 36y 167d,https://www.espncricinfo.com/cricketers/vinod-kumar-481720
611,Vipin Sharma,Age: 25y 232d,https://www.espncricinfo.com/cricketers/vipin-sharma-1403192
612,Virat Singh,Age: 26y 37d,https://www.espncricinfo.com/cricketers/virat-singh-720465
613,Vishal Jayswal,Age: 25y 287d,https://www.espncricinfo.com/cricketers/vishal-jayswal-1300576
614,Vishnu Vinod,Age: 30y 43d,https://www.espncricinfo.com/cricketers/vishnu-vinod-732293
615,Suresh Vishweshwar,Age: 26y 173d,https://www.espncricinfo.com/cricketers/suresh-vishweshwar-1287065
616,Vivek Singh,Age: 30y 74d,https://www.espncricinfo.com/cricketers/vivek-singh-604573
617,Vivrant Sharma,Age: 24y 76d,https://www.espncricinfo.com/cricketers/vivrant-sharma-1252370
618,Manan Vohra,Age: 30y 180d,https://www.espncricinfo.com/cricketers/manan-vohra-532856
619,Samarth Vyas,Age: 28y 47d,https://www.espncricinfo.com/cricketers/samarth-vyas-853859
620,Vijaykumar Vyshak,Age: 26y 348d,https://www.espncricinfo.com/cricketers/vijaykumar-vyshak-777815
621,Nehal Wadhera,Age: 23y 132d,https://www.espncricinfo.com/cricketers/nehal-wadhera-1151273
622,Akshay Wadkar,Age: 29y 189d,https://www.espncricinfo.com/cricketers/akshay-wadkar-605360
623,Washington Sundar,Age: 24y 101d,https://www.espncricinfo.com/cricketers/washington-sundar-719715
624,Yab Niya,Age: 29y 88d,https://www.espncricinfo.com/cricketers/yab-niya-1203115
625,Divyanshu Yadav,Age: 21y 166d,https://www.espncricinfo.com/cricketers/divyanshu-yadav-1403183
626,Jayant Yadav,Age: 33y 357d,https://www.espncricinfo.com/cricketers/jayant-yadav-447587
627,Krishna Yadav,Age: 22y 131d,https://www.espncricinfo.com/cricketers/krishna-yadav-1403212
628,Suryakumar Yadav,Age: 33y 122d,https://www.espncricinfo.com/cricketers/suryakumar-yadav-446507
629,Upendra Yadav,Age: 27y 98d,https://www.espncricinfo.com/cricketers/upendra-yadav-732269
630,Umesh Yadav,Age: 36y 81d,https://www.espncricinfo.com/cricketers/umesh-yadav-376116
631,Vikas Yadav,Age: 27y 178d,https://www.espncricinfo.com/cricketers/vikas-yadav-1060351
632,Amod Yadav,Age: 22y 35d,https://www.espncricinfo.com/cricketers/amod-yadav-1214404
633,Kuldip Yadav,Age: 27y 91d,https://www.espncricinfo.com/cricketers/kuldip-yadav-1206495
634,Mayank Yadav,Age: 21y 211d,https://www.espncricinfo.com/cricketers/mayank-yadav-1292563
635,Ravi Yadav,Age: 32y 17d,https://www.espncricinfo.com/cricketers/ravi-yadav-1214416
636,Yash Dayal,Age: 26y 32d,https://www.espncricinfo.com/cricketers/yash-dayal-1159720
637,Yash Thakur,Age: 25y 17d,https://www.espncricinfo.com/cricketers/yash-thakur-1070196
638,Yashu Sharma,Age: 25y 117d,https://www.espncricinfo.com/cricketers/yashu-sharma-854213
639,Yudhvir Singh,Age: 26y 123d,https://www.espncricinfo.com/cricketers/yudhvir-singh-1206052
640,Karnajit Yumnam,Age: 26y 18d,https://www.espncricinfo.com/cricketers/karnajit-yumnam-1201572
641,Yuvraj Singh,Age: 25y 145d,https://www.espncricinfo.com/cricketers/yuvraj-singh-1246442
642,Hokaito Zhimomi,Age: 37y 112d,https://www.espncricinfo.com/cricketers/hokaito-zhimomi-588471
